<?xml version="1.0" encoding="utf-8"?>
<ProgramItemsData xmlns:xsi="http://www.w3.org/2001/XMLSchema-instance" xmlns:xsd="http://www.w3.org/2001/XMLSchema">
  <ProgramItems>
    <ProgramItem>
      <ProgramName>Program1_New_5</ProgramName>
      <RoutingName>Constants</RoutingName>
      <SubRoutings />
    </ProgramItem>
    <ProgramItem>
      <ProgramName>Program1</ProgramName>
      <RoutingName>Equations</RoutingName>
      <SubRoutings />
    </ProgramItem>
    <ProgramItem>
      <ProgramName>Program1_New</ProgramName>
      <RoutingName>Process</RoutingName>
      <SubRoutings />
    </ProgramItem>
    <ProgramItem>
      <ProgramName>Program1_New_1</ProgramName>
      <RoutingName>Steps</RoutingName>
      <SubRoutings />
    </ProgramItem>
    <ProgramItem>
      <ProgramName>Program1_New_2</ProgramName>
      <RoutingName>Indicators</RoutingName>
      <SubRoutings />
    </ProgramItem>
    <ProgramItem>
      <ProgramName>Program1_New_4</ProgramName>
      <RoutingName>Simulation</RoutingName>
      <SubRoutings />
    </ProgramItem>
  </ProgramItems>
</ProgramItemsData>