<?xml version="1.0" encoding="utf-8"?>
<ProgramItemsData xmlns:xsi="http://www.w3.org/2001/XMLSchema-instance" xmlns:xsd="http://www.w3.org/2001/XMLSchema">
  <ProgramItems>
    <ProgramItem>
      <ProgramName>Program1_New_5</ProgramName>
      <RoutingName>Constants</RoutingName>
      <SubRoutings />
    </ProgramItem>
    <ProgramItem>
      <ProgramName>Program1</ProgramName>
      <RoutingName>Equations</RoutingName>
      <SubRoutings />
    </ProgramItem>
    <ProgramItem>
      <ProgramName>Program1_New</ProgramName>
      <RoutingName>Process</RoutingName>
      <SubRoutings />
    </ProgramItem>
    <ProgramItem>
      <ProgramName>Program1_New_2</ProgramName>
      <RoutingName>Mixing_Bowl</RoutingName>
      <SubRoutings />
    </ProgramItem>
    <ProgramItem>
      <ProgramName>Program2</ProgramName>
      <RoutingName>Butter_Dispenser</RoutingName>
      <SubRoutings />
    </ProgramItem>
    <ProgramItem>
      <ProgramName>Program2_New</ProgramName>
      <RoutingName>Sugar_Dispenser</RoutingName>
      <SubRoutings />
    </ProgramItem>
    <ProgramItem>
      <ProgramName>Program1_New_6</ProgramName>
      <RoutingName>Egg_Dispenser</RoutingName>
      <SubRoutings />
    </ProgramItem>
    <ProgramItem>
      <ProgramName>Program1_New_3</ProgramName>
      <RoutingName>Vanilla_Dispenser</RoutingName>
      <SubRoutings />
    </ProgramItem>
    <ProgramItem>
      <ProgramName>Program1_New_1</ProgramName>
      <RoutingName>Flour_Dispenser</RoutingName>
      <SubRoutings />
    </ProgramItem>
    <ProgramItem>
      <ProgramName>Program1_New_7</ProgramName>
      <RoutingName>Salt_Dispenser</RoutingName>
      <SubRoutings />
    </ProgramItem>
    <ProgramItem>
      <ProgramName>Program1_New_4</ProgramName>
      <RoutingName>Indicators</RoutingName>
      <SubRoutings />
    </ProgramItem>
  </ProgramItems>
</ProgramItemsData>